Language,Play Store Code,Title (<=30),Short Description (<=80),Full Description (<=4000)
English,en-US,Aurora: Video Download Manager,"Fast video downloader, torrent client & private adblock browser. Resume files.","Aurora Download Manager is a supercharged private web browser and fast video downloader built for serious file downloads, torrents, and media capture.

ALL-IN-ONE DOWNLOAD MANAGER & ACCELERATOR
- High-speed multi-threaded file downloader with parallel parts (up to 32 parts on Pro, 64 on Ultra)
- Smart download accelerator that speeds up file, video, and torrent transfers
- Reliable background download manager: pause, resume, and pick up broken links after app restarts or network drops
- Dead-link revival: refresh expired download URLs automatically

SMART WEB VIDEO DOWNLOADER & MEDIA SAVER
- Powerful web video downloader that detects downloadable videos, audio, and media streams as you browse
- Built-in video player with speed control, gesture seek, and Picture-in-Picture (PiP) to preview files before downloading
- Stream & playlist downloader: reassembles m3u8 and video streams into full offline MP4 files
- One-tap batch video downloader: grab multiple media files and links simultaneously
- Auto-organize: downloaded videos, music, and documents are automatically sorted into organized folders

PRIVATE BROWSER WITH BUILT-IN ADBLOCK
- Fast private browser with automatic ad blocker and popup blocker for clean, secure browsing
- Multi-tab browsing with tab groups, bookmarks, and persistent session recovery
- Reader mode, offline page saver, and custom element hiding for distraction-free reading
- Incognito privacy: your browsing history and downloaded files stay strictly on your local device

NATIVE TORRENT DOWNLOADER & MAGNET CLIENT
- Built-in torrent client to download torrents and magnet links directly to your device
- Multi-file torrent support: select specific files, pause, resume, and seed without extra apps
- Fast native P2P engine with custom download rules and speed limits

AUTOMATIC GOOGLE DRIVE CLOUD BACKUP
- Connect your Google account and auto-sync completed downloads to Google Drive
- Set flexible sync schedules: instant, every 15 minutes, hourly, or daily
- Dedicated Aurora cloud folder ensures your files are backed up and accessible from any phone or PC

EASY IMPORT & WI-FI FILE TRANSFER
- Import download queues and history from other Android download managers (JSON, backup files)
- Secure Folder & work-profile compatible
- Transfer files to your PC or Mac over local Wi-Fi with zero server intermediary

AURORA PRO — ONE-TIME UNLOCK
- 16 parallel downloads & 32 parts per file (Free: 3 downloads & 8 parts)
- Higher Google Drive sync limits (50 files/day)
- Unlimited adblock filter lists, tracker protection, and custom element rules
- Automatic dead-link revival, series auto-grab, and private vault

AURORA ULTRA — POWER USER SUITE
- 64 downloads at once & 64 parts per file
- Up to 1,000 Google Drive syncs daily
- Built-in media converter suite (downloaded on demand to avoid app bloat)
- Local automation API and folder watcher
Both Pro and Ultra are one-time purchases. No recurring subscriptions.

USAGE & POLICY NOTICE
- In strict compliance with Google Play Developer Terms, downloading from YouTube is not supported.
- Ad blocking operates exclusively within Aurora Browser and does not act as a system-wide VPN.
- Users are responsible for ensuring they have the legal right to download content from third-party sites.

Aurora's core is open source (GPL-3.0). Official Play Edition includes verified updates and optional Pro/Ultra features. Not affiliated with Google, YouTube, or third-party media platforms."
Spanish (Latin America),es-419,Aurora: Descargador de Vídeos,"Descargador de vídeos rápido, torrents y navegador privado con bloqueo de ads.","Aurora Download Manager es un navegador web privado y un rápido descargador de vídeos diseñado para descargas pesadas de archivos, torrents y captura multimedia.

GESTOR DE DESCARGAS Y ACELERADOR TODO EN UNO
- Descargador de archivos multiparte de alta velocidad (hasta 32 partes en Pro, 64 en Ultra)
- Acelerador de descargas inteligente para archivos, vídeos y torrents
- Gestor en segundo plano fiable: pausa, reanuda y recupera enlaces caídos tras reinicios
- Renovación de enlaces: actualiza URLs de descarga caducadas automáticamente

DESCARGADOR DE VÍDEOS WEB INTELIGENTE
- Potente descargador de vídeos que detecta archivos multimedia mientras navegas
- Reproductor integrado con Picture-in-Picture (PiP), control de velocidad y gestos
- Descargador de streams y playlists: une secuencias m3u8 en archivos MP4 completos
- Descarga múltiple en lote: guarda varios vídeos y archivos con un solo toque
- Organización automática en carpetas para vídeos, música y documentos

NAVEGADOR PRIVADO CON BLOQUEADOR DE ANUNCIOS
- Navegador privado con bloqueo automático de anuncios y pop-ups para una navegación limpia
- Pestañas agrupadas, marcadores y recuperación de sesiones
- Modo lectura, guardado de páginas sin conexión y ocultación de elementos
- Privacidad total: historial y descargas se guardan exclusivamente en tu dispositivo

DESCARGADOR DE TORRENTS Y ENLACES MAGNET
- Cliente torrent integrado para descargar archivos torrent y enlaces magnet directamente
- Soporte para torrents multivariable: selecciona archivos, pausa, reanuda y comparte
- Motor P2P nativo con límites de velocidad y reglas personalizadas

COPIA DE SEGURIDAD AUTOMÁTICA EN GOOGLE DRIVE
- Conecta tu cuenta y sincroniza descargas completadas en Google Drive automáticamente
- Elige tu horario: instantáneo, cada 15 minutos, cada hora o diario
- Carpeta dedicada en la nube para acceder a tus archivos desde cualquier teléfono o PC

IMPORTACIÓN FÁCIL Y TRANSFERENCIA WI-FI
- Importa listas de descargas desde otros gestores (JSON, backup files)
- Compatible con Carpeta Segura de Samsung y perfiles de trabajo
- Envía archivos a tu ordenador por Wi-Fi local sin pasar por ningún servidor

AURORA PRO — PAGO ÚNICO
- 16 descargas simultáneas y 32 partes por archivo (Versión gratuita: 3 y 8)
- Sincronización ampliada con Google Drive (50 archivos/día)
- Filtros adblock ilimitados, protección contra rastreadores y bóveda privada
- Renovación automática de enlaces caídos y captura por lotes

AURORA ULTRA — SUITE PARA USUARIOS AVANZADOS
- 64 descargas a la vez y 64 partes por archivo
- Hasta 1.000 sincronizaciones diarias en Google Drive
- Conversor multimedia integrado descargado bajo demanda
- API de automatización local y monitor de carpetas
Pro y Ultra son compras de pago único. Sin suscripciones.

AVISO DE POLÍTICA Y USO
- De acuerdo con las políticas de Google Play, la descarga desde YouTube no está admitida.
- El bloqueo de anuncios funciona solo dentro del navegador Aurora y no actúa como VPN global.
- Descarga únicamente contenido sobre el que tengas derechos legales.

El núcleo de Aurora es de código abierto (GPL-3.0). No afiliado a Google, YouTube ni plataformas de terceros."
Portuguese (Brazil),pt-BR,Aurora: Baixar Vídeos Rápido,"Baixar vídeos rápido, torrents e navegador privado com bloqueador de anúncios.","O Aurora Download Manager é um navegador web privado e um baixador de vídeos rápido criado para downloads pesados de arquivos, torrents e captura de mídia.

GERENCIADOR E ACELERADOR DE DOWNLOADS TUDO EM UM
- Baixador de arquivos em partes paralelas de alta velocidade (até 32 partes no Pro, 64 no Ultra)
- Acelerador inteligente de downloads para arquivos, vídeos e torrents
- Gerenciador em segundo plano estável: pause, retome e recupere links quebrados
- Renovação de links expirados de forma automática

BAIXADOR DE VÍDEOS WEB INTELIGENTE
- Baixador de vídeos poderoso que detecta mídias e vídeos automaticamente ao navegar
- Player de vídeo embutido com Picture-in-Picture (PiP), controle de velocidade e gestos
- Baixador de transmissões: remonta streams m3u8 em arquivos MP4 completos
- Captura em lote: baixe múltiplos vídeos e arquivos com apenas um toque
- Organização automática de vídeos, músicas e documentos em pastas dedicadas

NAVEGADOR PRIVADO COM BLOQUEADOR DE ANUNCIOS
- Navegador privado veloz com bloqueador de anúncios e pop-ups integrado
- Navegação em abas com grupos e recuperação de sessão após reiniciar
- Modo de leitura, páginas offline e ocultação de elementos indesejados
- Privacidade garantida: seu histórico e arquivos permanecem apenas no seu aparelho

CLIENTE TORRENT NATIVO E MAGNET LINKS
- Baixador de torrents integrado para baixar torrents e links magnet direto no celular
- Suporte a múltiplos arquivos: escolha o que baixar, pause, retome e envie (seed)
- Motor P2P rápido com regras e limites personalizados

BACKUP AUTOMÁTICO NO GOOGLE DRIVE
- Conecte sua conta e envie downloads concluídos direto para o seu Google Drive
- Programe sua sincronização: instantânea, a cada 15 min, horária ou diária
- Acesse seus arquivos salvos em qualquer celular ou computador

IMPORTAÇÃO SIMPLES E TRANSFERÊNCIA VIA WI-FI
- Importe listas de outros gerenciadores Android (JSON, backup files)
- Compatível com a Pasta Segura da Samsung e perfis de trabalho
- Transfira arquivos para o computador via Wi-Fi local sem servidores externos

AURORA PRO — PAGAMENTO ÚNICO
- 16 downloads simultâneos e 32 partes por arquivo (Gratuito: 3 e 8)
- Sincronização no Google Drive de até 50 arquivos/dia
- Listas de filtros ilimitadas, proteção contra rastreadores e cofre privado
- Recuperação automática de links e captura em lote sem limites

AURORA ULTRA — SUITE DEFINITIVA
- 64 downloads simultâneos e 64 partes por arquivo
- Até 1.000 sincronizações diárias no Google Drive
- Conversor de mídia integrado baixado sob demanda
- API de automação local e monitoramento de pastas
Pro e Ultra são compras únicas. Sem assinaturas.

AVISO DE POLÍTICA
- Em conformidade com as regras do Google Play, downloads do YouTube não são suportados.
- O bloqueador de anúncios funciona apenas no navegador Aurora (não é VPN no sistema).
- Baixe apenas conteúdos que você tem autorização legal para baixar.

Código aberto (GPL-3.0). Não afiliado ao Google, YouTube ou serviços de terceiros."
Indonesian,id,Aurora: Pengunduh Video Cepat,"Pengunduh video cepat, torrent & browser privat dengan blokir iklan. Lanjutkan.","Aurora Download Manager adalah browser web privat dan pengunduh video cepat yang dirancang untuk unduhan file besar, torrent, dan penangkap media.

PENGUNDUH FILE & MANAJER DOWNLOAD SERBAGUNA
- Pengunduh file multi-thread berkecepatan tinggi (hingga 32 bagian di Pro, 64 di Ultra)
- Akselerator download pintar yang mempercepat transfer file, video, dan torrent
- Pengunduh latar belakang andal: jeda (pause), lanjutkan (resume), dan pulihkan tautan putus
- Pembaruan tautan mati/kedaluwarsa secara otomatis

PENGUNDUH VIDEO WEB PINTAR & PENYIMPAN MEDIA
- Pengunduh video canggih yang mendeteksi video dan media saat Anda menjelajah web
- Pemutar video internal dengan Picture-in-Picture (PiP), kontrol kecepatan, dan gestur
- Pengunduh streaming: menggabungkan playlist stream m3u8 menjadi file MP4 utuh
- Download massal (batch): unduh banyak video dan file sekaligus dalam satu ketukan
- Pengorganisasian otomatis: file video, musik, dan dokumen langsung tersusun rapi di folder

BROWSER PRIVAT DENGAN PEMBLOKIR IKLAN (ADBLOCK)
- Browser privat dengan pemblokir iklan & pop-up otomatis untuk penjelajahan bersih dan cepat
- Tab grup, bookmark, dan pemulihan sesi otomatis setelah aplikasi ditutup
- Mode baca, simpan halaman offline, dan sembunyikan elemen web yang mengganggu
- Privasi terjamin: riwayat penelusuran dan unduhan tersimpan aman di perangkat Anda

PENGUNDUH TORRENT & TAUTAN MAGNET NATIV
- Klien torrent internal untuk download torrent dan magnet link langsung tanpa aplikasi tambahan
- Dukungan torrent multi-file: pilih file tertentu, jeda, lanjutkan, dan seeding
- Mesin P2P cepat dengan pengaturan batas kecepatan unduh

CADANGAN OTOMATIS KE GOOGLE DRIVE
- Hubungkan akun Google dan sinkronkan hasil unduhan ke Google Drive secara otomatis
- Jadwal sinkronisasi fleksibel: instan, tiap 15 menit, per jam, atau harian
- Folder khusus Aurora memastikan file Anda aman dan dapat diakses dari perangkat mana pun

IMPOR MUDAH & TRANSFER FILE VIA WI-FI
- Impor daftar antrean download dari aplikasi lain (JSON, backup files)
- Kompatibel dengan Samsung Secure Folder dan profil kerja
- Kirim file ke PC/laptop melalui jaringan Wi-Fi lokal tanpa server perantara

AURORA PRO — SEKALI BAYAR
- 16 unduhan bersamaan & 32 bagian per file (Versi gratis: 3 dan 8)
- Batas sinkronisasi Google Drive lebih besar (50 file/hari)
- Filter adblock tanpa batas, pelindung pelacak, dan brankas privat
- Pemulihan tautan mati otomatis dan unduhan batch tanpa batas

AURORA ULTRA — SUITE POWER USER
- 64 unduhan sekaligus & 64 bagian per file
- Hingga 1.000 sinkronisasi Google Drive per hari
- Suite konversi media internal yang diunduh sesuai kebutuhan
- API otomatisasi lokal dan pemantau folder
Beli sekali untuk selamanya. Tanpa biaya langganan bulanan.

PEMBERITAHUAN KEBIJAKAN
- Sesuai kebijakan Google Play Store, pengunduhan dari YouTube tidak didukung.
- Pemblokir iklan hanya berfungsi di dalam browser Aurora (bukan VPN sistem).
- Harap hanya mengunduh konten yang sah dan legal.

Sumber terbuka (GPL-3.0). Tidak berafiliasi dengan Google, YouTube, atau layanan pihak ketiga."
Hindi,hi-IN,Aurora: वीडियो डाउनलोडर,"फास्ट वीडियो डाउनलोडर, टोरेंट व एडब्लॉक प्राइवेट ब्राउज़र। पॉज़ व रिज़्यूमे।","Aurora Download Manager एक शक्तिशाली प्राइवेट वेब ब्राउज़र और तेज़ वीडियो डाउनलोडर है, जिसे फाइल्स, टोरेंट और मीडिया डाउनलोड करने के लिए बनाया गया है।

ऑल-इन-वन डाउनलोड मैनेजर और स्पीड एक्सेलेरेटर
- मल्टी-थ्रेडेड फास्ट फाइल डाउनलोडर (Pro में 32 पार्ट्स, Ultra में 64 पार्ट्स)
- फाइल्स, वीडियो और टोरेंट ट्रांसफर को सुपरफास्ट करने वाला एक्सेलेरेटर
- बैकग्राउंड डाउनलोड सपोर्ट: पॉज़ करें, रिज़्यूमे करें और इंटरनेट टूटने पर फिर से शुरू करें
- एक्सपायर हो चुके डाउनलोड लिंक को ऑटोमैटिक रिफ्रेश करें

स्मार्ट वेब वीडियो डाउनलोडर और मीडिया सेवर
- ब्राउज़ करते समय वीडियो, ऑडियो और मीडिया लिंक्स को तुरंत डिटेक्ट करने वाला वीडियो डाउनलोडर
- इन-बिल्ट वीडियो प्लेयर: Picture-in-Picture (PiP), स्पीड कंट्रोल और जेस्चर सीक के साथ
- m3u8 स्ट्रीम्स और प्लेलिस्ट को सिंगल MP4 फाइल में डाउनलोड करें
- वन-टैप बैच डाउनलोडर: एक साथ कई वीडियो और फाइल्स डाउनलोड करें
- डाउनलोड किए गए वीडियो, गाने और फाइल्स ऑटोमैटिक अलग फोल्डर्स में सेव होते हैं

इन-बिल्ट एडब्लॉकर वाला प्राइवेट ब्राउज़र
- एड्स और पॉप-अप्स को ब्लॉक करने वाला फास्ट और सेफ प्राइवेट ब्राउज़र
- मल्टीपल टैब्स, टैब ग्रुप्स और सेशन रीस्टोर सपोर्ट
- रीडर मोड, ऑफलाइन पेज सेविंग और वेब एलिमेंट हाइडर
- आपका ब्राउज़िंग डेटा और फाइल्स केवल आपके फोन में सुरक्षित रहती हैं

टोरेंट डाउनलोडर और मैग्नेट लिंक सपोर्ट
- बिना किसी एक्स्ट्रा ऐप के टोरेंट और मैग्नेट लिंक सीधे फोन में डाउनलोड करें
- मल्टी-फाइल टोरेंट में से मनचाही फाइल्स चुनें, पॉज़, रिज़्यूमे और सीड करें
- फास्ट नेटिव P2P टोरेंट इंजन

ऑटोमैटिक गूगल ड्राइव बैकअप
- अपने गूगल अकाउंट को कनेक्ट करें और डाउनलोड पूरी होते ही गूगल ड्राइव पर ऑटो-सिंक करें
- बैकअप शेड्यूल चुनें: तुरंत, हर 15 मिनट, हर घंटे या रोज़ाना
- किसी भी मोबाइल या कंप्यूटर से फाइल्स एक्सेस करें

आसान डेटा इंपोर्ट और वाई-फाई फाइल ट्रांसफर
- अन्य डाउनलोड ऐप्स (JSON, backup files) से अपनी डाउनलोड लिस्ट इंपोर्ट करें
- Samsung Secure Folder और वर्क प्रोफाइल सपोर्ट
- बिना इंटरनेट खर्च किए लोकल वाई-फाई से कंप्यूटर पर फाइल्स ट्रांसफर करें

AURORA PRO — लाइफटाइम वन-टाइम अनलॉक
- 16 फाइल्स एक साथ और 32 पार्ट्स प्रति फाइल (फ्री: 3 और 8)
- गूगल ड्राइव सिंक लिमिट (50 फाइल्स/दिन)
- अनलिमिटेड एडब्लॉक फिल्टर्स, ट्रैकर प्रोटेक्शन और प्राइवेट वॉल्ट

AURORA ULTRA — अल्टीमेट पावर सूट
- 64 डाउनलोड्स एक साथ और 64 पार्ट्स प्रति फाइल
- रोज़ाना 1,000 गूगल ड्राइव सिंक
- बिल्ट-इन मीडिया कन्वर्टर और लोकल ऑटोमेशन API
Pro और Ultra दोनों लाइफटाइम वन-टाइम खरीद हैं। कोई सब्सक्रिप्शन नहीं।

पालिसी व नियम सूचना
- गूगल प्ले पालिसी के अनुसार YouTube वीडियो डाउनलोड समर्थित नहीं है।
- केवल वही कंटेंट डाउनलोड करें जिसे डाउनलोड करने का आपके पास कानूनी अधिकार है।

ओपन सोर्स (GPL-3.0)। Google या YouTube से कोई संबंध नहीं है।"
Vietnamese,vi,Aurora: Tải Video & Tệp Nhanh,"Trình tải video nhanh, torrent & trình duyệt riêng tư chặn quảng cáo mượt mà.","Aurora Download Manager là trình duyệt web riêng tư kiêm trình tải video tốc độ cao, được thiết kế tối ưu cho tải tệp dung lượng lớn, torrent và lưu trữ đa phương tiện.

TRÌNH QUẢN LÝ VÀ TĂNG TỐC TẢI XUỐNG TOÀN DIỆN
- Tải tệp đa luồng siêu tốc với các phần song song (lên đến 32 phần ở bản Pro, 64 ở bản Ultra)
- Bộ tăng tốc tải thông minh cho tệp, video và torrent
- Tải ngầm ổn định: tạm dừng (pause), tiếp tục (resume) và tự phục hồi khi mất mạng
- Tự động làm mới và khôi phục các liên kết tải xuống đã hết hạn

TRÌNH TẢI VIDEO WEB THÔNG MINH & LƯU TRỮ MEDIA
- Tự động nhận diện video, nhạc và liên kết tệp ngay khi bạn lướt web
- Trình phát video tích hợp sẵn tính năng Thu nhỏ hình (PiP), chỉnh tốc độ và cử chỉ
- Tải luồng phát trực tiếp: ghép luồng phát m3u8 thành tệp MP4 hoàn chỉnh
- Tải hàng loạt (batch download): tải nhiều video cùng lúc chỉ với 1 chạm
- Tự động phân loại video, nhạc và tài liệu vào từng thư mục ngăn nắp

TRÌNH DUYỆT RIÊNG TƯ CHẶN QUẢNG CÁO MẠNH MẼ
- Tích hợp sẵn bộ lọc chặn quảng cáo và cửa sổ bật lên (pop-up) giúp lướt web mượt mà
- Hỗ trợ nhiều tab, nhóm tab và tự khôi phục phiên duyệt web sau khi mở lại
- Chế độ đọc báo, lưu trang web xem ngoại tuyến và ẩn phần tử thừa
- Bảo mật tuyệt đối: lịch sử duyệt web và tệp tải chỉ lưu trên thiết bị của bạn

TRÌNH TẢI TORRENT VÀ LIÊN KẾT MAGNET TÍCH HỢP
- Tải tệp torrent và liên kết magnet trực tiếp không cần cài thêm ứng dụng
- Hỗ trợ torrent nhiều tệp: chọn tệp cần tải, tạm dừng, tiếp tục và chia sẻ (seed)
- Công cụ P2P tốc độ cao với các quy tắc tải tùy biến

TỰ ĐỘNG SAO LƯU LÊN GOOGLE DRIVE
- Kết nối tài khoản Google để tự động đồng bộ tệp tải hoàn tất lên Google Drive
- Đặt lịch đồng bộ linh hoạt: tức thì, mỗi 15 phút, hàng giờ hoặc hàng ngày
- Dễ dàng truy cập tệp từ máy tính hoặc điện thoại khác mọi lúc

NHẬP DỮ LIỆU DỄ DÀNG & CHUYỂN TỆP QUA WI-FI
- Nhập danh sách tải từ các ứng dụng khác (JSON, backup files)
- Tương thích Thư mục bảo mật Samsung (Secure Folder)
- Chuyển tệp sang máy tính qua mạng Wi-Fi nội bộ tốc độ cao không qua máy chủ

AURORA PRO — MỞ KHÓA MỘT LẦN DÙNG VĨNH VIỄN
- Tải đồng thời 16 tệp & 32 phần mỗi tệp (Bản miễn phí: 3 tệp & 8 phần)
- Tăng giới hạn đồng bộ Google Drive (50 tệp/ngày)
- Bộ lọc quảng cáo nâng cao, chặn theo dõi và két sắt bảo mật riêng tư

AURORA ULTRA — DÀNH CHO NGƯỜI DÙNG CHUYÊN NGHIỆP
- Tải đồng thời 64 tệp & 64 phần mỗi tệp
- Đồng bộ lên đến 1.000 tệp Google Drive mỗi ngày
- Bộ chuyển đổi định dạng media tải theo nhu cầu
- API tự động hóa và giám sát thư mục
Cả Pro và Ultra đều mua 1 lần sở hữu vĩnh viễn. Không thu phí thuê bao.

LƯU Ý CHÍNH SÁCH
- Tuân thủ nghiêm ngặt chính sách của Google Play: Không hỗ trợ tải từ YouTube.
- Trình chặn quảng cáo chỉ hoạt động trong Aurora Browser (không phải VPN toàn máy).
- Vui lòng chỉ tải nội dung mà bạn có quyền hợp pháp.

Mã nguồn mở (GPL-3.0). Không liên kết với Google, YouTube hoặc các nền tảng thứ ba."
Russian,ru-RU,Aurora: Загрузчик Видео и Файл,"Быстрый загрузчик видео, торренты и приватный браузер с блокировкой рекламы.","Aurora Download Manager — это приватный веб-браузер и быстрый загрузчик видео, созданный для скачивания больших файлов, торрентов и захвата медиа.

ВСЕ В ОДНОМ: МЕНЕДЖЕР ЗАГРУЗОК И АКСЕЛЕРАТОР
- Высокоскоростная многопоточная загрузка файлов частями (до 32 частей в Pro, 64 в Ultra)
- Умный ускоритель загрузки файлов, видео и торрентов
- Надежная фоновая загрузка: пауза, возобновление и восстановление после сбоев сети
- Автоматическое обновление устаревших и неработающих ссылок

УМНЫЙ ВЕБ-ЗАГРУЗЧИК ВИДЕО И МЕДИА
- Распознает видео, аудио и медиапотоки прямо во время просмотра сайтов
- Встроенный видеоплеер с поддержкой «Картинка в картинке» (PiP), скорости и жестов
- Загрузка потоков: сборка плейлистов m3u8 в готовые файлы MP4
- Пакетная загрузка в один клик: скачивайте несколько видео и файлов одновременно
- Автоматическая сортировка видео, музыки и документов по папкам

ПРИВАТНЫЙ БРАУЗЕР С БЛОКИРОВКОЙ РЕКЛАМЫ
- Встроенный блокировщик рекламы и всплывающих окон для быстрой и чистой работы
- Вкладки, группы вкладок и восстановление сессий после перезапуска
- Режим чтения, сохранение страниц офлайн и скрытие ненужных блоков сайта
- Конфиденциальность: история и файлы хранятся исключительно на вашем устройстве

ВСТРОЕННЫЙ ТОРРЕНТ-КЛИЕНТ И MAGNET-ССЫЛКИ
- Скачивание торрентов и magnet-ссылок напрямую без сторонних приложений
- Поддержка мультифайловых торрентов: выбор файлов, пауза, возобновление и раздача
- Быстрый P2P-движок с настройкой ограничений скорости

АВТОМАТИЧЕСКИЙ БЭКАП НА GOOGLE DRIVE
- Подключите аккаунт Google для автосинхронизации завершенных загрузок на Google Диск
- Гибкое расписание: мгновенно, каждые 15 минут, каждый час или ежедневно
- Доступ к загруженным файлам с любого смартфона или ПК

УДОБНЫЙ ИМПОРТ И ПЕРЕДАЧА ПО WI-FI
- Импорт списка загрузок из других менеджеров (JSON, backup files)
- Совместимость с Samsung Secure Folder и рабочими профилями
- Передача файлов на ПК по локальному Wi-Fi без серверов-посредников

AURORA PRO — РАЗОВАЯ ПОКУПКА
- 16 одновременных загрузок и 32 части на файл (Бесплатно: 3 и 8)
- Лимит синхронизации Google Диска до 50 файлов в день
- Неограниченные списки фильтров adblock, защита от трекеров и личный сейф

AURORA ULTRA — МАКСИМАЛЬНЫЙ НАБОР ФУНКЦИЙ
- 64 загрузки одновременно и 64 части на файл
- До 1 000 синхронизаций с Google Диском в день
- Встроенный конвертер медиафайлов
- Локальный API автоматизации и отслеживание папок
Покупки Pro и Ultra разовые. Без подписок.

ПРАВИЛА И ОГРАНИЧЕНИЯ
- В соответствии с правилами Google Play скачивание с YouTube не поддерживается.
- Блокировка рекламы работает только внутри браузера Aurora (не системный VPN).
- Скачивайте только разрешенный законом контент.

Открытый исходный код (GPL-3.0). Не связано с Google, YouTube и третьими сервисами."
German,de-DE,Aurora: Video Download Manager,"Schneller Video Downloader, Torrents & privater Browser mit Werbeblocker.","Aurora Download Manager ist ein privater Webbrowser und schneller Video Downloader für anspruchsvolle Datei-Downloads, Torrents und Medien.

ALL-IN-ONE DOWNLOAD-MANAGER & BESCHLEUNIGER
- Extrem schneller mehrteiliger Datei-Downloader (bis zu 32 Teile in Pro, 64 in Ultra)
- Intelligenter Download-Beschleuniger für Dateien, Videos und Torrents
- Zuverlässiges Herunterladen im Hintergrund: Pausieren, Fortsetzen und Wiederherstellen
- Automatische Erneuerung abgelaufener Download-Links

SMARTER WEB-VIDEO-DOWNLOADER & MEDIEN-SAVER
- Erkennt Videos, Musik und Mediendateien automatisch beim Surfen
- Integrierter Videoplayer mit Bild-in-Bild (PiP), Geschwindigkeitsregler und Gesten
- Stream-Downloader: Fügt m3u8-Streams zu vollständigen MP4-Dateien zusammen
- Stapel-Download (Batch): Mehrere Videos und Dateien mit einem Fingertipp laden
- Automatische Sortierung von Videos, Musik und Dokumenten in eigene Ordner

PRIVATER BROWSER MIT INTEGRIERTEM WERBEBLOCKER
- Schneller privater Browser mit Werbe- und Popup-Blocker für ungestörtes Surfen
- Multi-Tab-Browsing mit Tab-Gruppen und automatischer Sitzungswiederherstellung
- Lesemodus, Offline-Seiten und Ausblenden störender Web-Elemente
- Höchste Privatsphäre: Verlauf und Downloads bleiben ausschließlich auf Ihrem Gerät

NATIVER TORRENT-DOWNLOADER & MAGNET-CLIENT
- Integrierter Torrent-Client zum direkten Laden von Torrents und Magnet-Links
- Mehrdatei-Torrents: Bestimmte Dateien auswählen, pausieren, fortsetzen und seeden
- Schnelle P2P-Engine mit flexiblen Regeln und Geschwindigkeitsbegrenzungen

AUTOMATISCHES GOOGLE DRIVE BACKUP
- Verbinden Sie Ihr Google-Konto für die automatische Synchronisierung mit Google Drive
- Flexible Zeitpläne: Sofort, alle 15 Minuten, stündlich oder täglich
- Eigener Cloud-Ordner für den Zugriff von jedem Smartphone oder PC

EINFACHER IMPORT & WI-FI-DATEIÜBERTRAGUNG
- Importieren Sie Download-Listen aus anderen Android-Managern (JSON, backup files)
- Kompatibel mit Samsung Sicherer Ordner und Arbeitsprofilen
- Dateien über lokales WLAN direkt an Ihren PC übertragen – ohne Fremdserver

AURORA PRO — EINMALIGER KAUF
- 16 gleichzeitige Downloads & 32 Teile pro Datei (Kostenlos: 3 und 8)
- Erweitertes Google Drive Limit (50 Dateien/Tag)
- Unbegrenzte Adblock-Filterlisten, Tracking-Schutz und privater Tresor

AURORA ULTRA — DIE ULTIMATIVE SUITE
- 64 gleichzeitige Downloads & 64 Teile pro Datei
- Bis zu 1.000 Google Drive Synchronisierungen täglich
- Integrierte Medienkonvertierungs-Suite
- Lokale Automatisierungs-API und Ordnerüberwachung
Einmaliger Kauf für immer. Kein wiederkehrendes Abonnement.

RICHTLINIEN-HINWEIS
- Gemäß den Google Play Richtlinien wird das Herunterladen von YouTube nicht unterstützt.
- Der Werbeblocker arbeitet ausschließlich im Aurora Browser (kein systemweites VPN).
- Bitte laden Sie nur urheberrechtlich zulässige Inhalte herunter.

Open Source (GPL-3.0). Keine Verbindung zu Google, YouTube oder Drittanbietern."
French,fr-FR,Aurora: Téléchargeur Vidéo,"Téléchargeur de vidéos rapide, torrents et navigateur privé anti-publicité.","Aurora Download Manager est un navigateur web privé et un téléchargeur de vidéos rapide conçu pour les téléchargements lourds, les torrents et les médias.

GESTIONNAIRE ET ACCÉLÉRATEUR DE TÉLÉCHARGEMENT
- Téléchargement multithread ultra-rapide par segments (jusqu'à 32 parties en Pro, 64 en Ultra)
- Accélérateur intelligent pour fichiers, vidéos et torrents
- Téléchargement fiable en arrière-plan : pause, reprise et relance des liens brisés
- Rafraîchissement automatique des liens de téléchargement expirés

TÉLÉCHARGEUR DE VIDÉOS WEB ET MÉDIAS
- Détecte automatiquement les vidéos, pistes audio et médias pendant votre navigation
- Lecteur vidéo intégré avec Picture-in-Picture (PiP), contrôle de vitesse et gestes
- Téléchargeur de flux : réassemble les flux m3u8 en fichiers MP4 complets
- Téléchargement par lot : capturez plusieurs vidéos et fichiers en un seul clic
- Classement automatique des vidéos, musiques et documents dans des dossiers dédiés

NAVIGATEUR PRIVÉ AVEC BLOQUEUR DE PUBS
- Navigateur sécurisé avec bloqueur de publicités et de pop-ups intégré
- Navigation multi-onglets avec groupes d'onglets et restauration de session
- Mode lecture, sauvegarde de pages hors-ligne et masquage d'éléments
- Confidentialité absolue : vos données et téléchargements restent sur votre appareil

CLIENT TORRENT ET LIENS MAGNET INTÉGRÉ
- Téléchargez des fichiers torrents et liens magnet directement sans application tierce
- Prise en charge multi-fichiers : sélectionnez vos fichiers, mettez en pause et partagez (seed)
- Moteur P2P natif avec contrôle précis des limites de vitesse

SAUVEGARDE AUTOMATIQUE GOOGLE DRIVE
- Synchronisation automatique de vos fichiers terminés vers votre Google Drive personnel
- Planification flexible : instantanée, toutes les 15 minutes, horaire ou quotidienne
- Accédez à vos fichiers téléchargés depuis n'importe quel ordinateur ou téléphone

IMPORTATION FACILE ET TRANSFERT WI-FI
- Importez vos listes de téléchargement depuis d'autres applications (JSON, backup files)
- Compatible avec le Dossier Sécurisé Samsung et profils professionnels
- Transférez vos fichiers vers votre PC en Wi-Fi local sans aucun serveur distant

AURORA PRO — ACHAT UNIQUE
- 16 téléchargements simultanés et 32 parties par fichier (Gratuit : 3 et 8)
- Limite Google Drive augmentée (50 fichiers/jour)
- Listes adblock illimitées, anti-traceurs et coffre-fort privé

AURORA ULTRA — SUITE COMPLÈTE POWER USER
- 64 téléchargements simultanés et 64 parties par fichier
- Jusqu'à 1 000 synchronisations Google Drive par jour
- Suite de conversion multimédia intégrée
- API d'automatisation locale et surveillance de dossiers
Achats uniques sans aucun abonnement.

MENTIONS LÉGALES ET POLITIQUES
- Conformément aux règles de Google Play, le téléchargement depuis YouTube n'est pas pris en charge.
- Le bloqueur de pubs fonctionne uniquement dans le navigateur Aurora (pas un VPN global).
- Ne téléchargez que les contenus que vous avez le droit légal de posséder.

Open source (GPL-3.0). Non affilié à Google, YouTube ou des services tiers."
Japanese,ja-JP,Aurora: 高速動画ダウンローダー,高速動画ダウンローダー、トレント＆広告ブロック搭載プライベートブラウザ。,"Aurora Download Managerは、大容量ファイル、トレント、動画の保存に最適化された高速動画ダウンローダー＆プライベートブラウザです。

高速ダウンロードマネージャー＆アクセラレーター
- 複数スレッドによる超高速分割ダウンロード（Pro版は最大32分割、Ultra版は64分割）
- ファイル、動画、トレントの転送速度を加速
- バックグラウンド対応：一時停止、再開、通信切断後の自動復旧
- 期限切れになったダウンロードURLを自動更新

Web動画ダウンローダー＆メディアキャプチャ
- Web閲覧中に動画や音声ファイルを自動検出
- ピクチャーインピクチャー（PiP）や倍速再生対応の動画プレーヤー内蔵
- ストリーミング動画保存：m3u8プレイリストを結合して単一のMP4として保存
- 一括ダウンロード：複数の動画やファイルをワンタップでまとめて取得
- 保存した動画、音楽、ドキュメントをフォルダごとに自動整理

広告ブロック機能付きプライベートブラウザ
- 広告やポップアップを自動ブロックする快適なプライベートブラウザ
- タブグループ機能と再起動時のセッション自動復元
- リーダーモード、Webページのオフライン保存、要素非表示機能
- 閲覧履歴やダウンロードファイルは端末内のみに安全に保存

トレント（Torrent）＆マグネットリンク対応
- 専用アプリ不要でトレントやmagnetリンクを直接ダウンロード
- 複数ファイルの選択ダウンロード、一時停止、再開、シード機能
- 高速なネイティブP2Pエンジン

Googleドライブへの自動クラウドバックアップ
- Googleアカウントを連携し、完了したダウンロードを自動でGoogleドライブに保存
- 同期スケジュール：即時、15分ごと、毎時、毎日から選択可能
- スマホやPCからいつでもファイルにアクセス

他アプリからの移行＆Wi-Fiファイル転送
- 他のダウンローダー（ADM, 1DM, IDM, FDM）からダウンロード履歴を簡単移行
- Samsung セキュアフォルダや仕事用プロファイルに対応
- 外部サーバーを経由せず、同一Wi-Fi内のPCへ直接高速ファイル転送

AURORA PRO — 買い切りプラン
- 16件の同時ダウンロード＆32分割（無料版：3件＆8分割）
- Googleドライブ同期上限アップ（50ファイル/日）
- 高度な広告ブロックフィルター、プライベート保管庫

AURORA ULTRA — パワーユーザー向け
- 64件の同時ダウンロード＆64分割
- 1日最大1,000ファイルのGoogleドライブ同期
- メディア変換機能、ローカル自動化API
ProとUltraはどちらも買い切りです。月額課金はありません。

ご利用上の注意
- Google Playのポリシーに基づき、YouTubeからの動画保存には対応していません。
- 広告ブロックは本ブラウザ内でのみ動作します。
- 著作権法および利用規約を遵守してご利用ください。

オープンソース（GPL-3.0）。Google、YouTube等とは提携していません。"
Arabic,ar,Aurora: تنزيل الفيديو والملفات,تنزيل الفيديو والملفات بسرعة، تورنت ومتصفح خاص مع مانع إعلانات واستئناف التحميل.,"Aurora Download Manager هو متصفح ويب خاص ومسرع تنزيل فيديو فائق السرعة مصمم لتنزيل الملفات الكبيرة، التورنت، والوسائط.

مدير ومسرع تنزيل الملفات المتكامل
- تنزيل فائق السرعة عبر تقسيم الملفات متعدد المسارات (حتى 32 جزءاً في Pro، و64 في Ultra)
- مسرع تنزيل ذكي للملفات ومقاطع الفيديو والتورنت
- تنزيل موثوق في الخلفية: إيقاف مؤقت، استئناف، واستعادة الروابط بعد انقطاع الشبكة
- تحديث تلقائي للروابط المنتهية الصلاحية

تنزيل فيديو الويب الذكي وحفظ الوسائط
- كشف تلقائي لمقاطع الفيديو والصوت والوسائط أثناء التصفح
- مشغل فيديو مدمج مع دعم صورة داخل صورة (PiP)، والتحكم في السرعة والإيماءات
- تنزيل البث: تجميع ملفات m3u8 إلى مقاطع MP4 كاملة
- تنزيل دفعي بنقرة واحدة: احفظ عدة مقاطع فيديو وملفات في آن واحد
- تنظيم تلقائي للملفات ومقاطع الفيديو والموسيقى داخل مجلدات مرتبة

متصفح خاص مع مانع إعلانات مدمج
- متصفح سريع مع حظر تلقائي للإعلانات والنوافذ المنبثقة لتصفح نقي
- تصفح متعدد التبويبات مع مجموعات التبويب واستعادة الجلسة
- وضع القراءة، حفظ الصفحات للقراءة دون إنترنت، وإخفاء العناصر المزعجة
- خصوصية تامة: تظل سجلات التصفح والملفات على جهازك فقط

عميل تورنت مدمج وروابط Magnet
- تنزيل التورنت والروابط الممغنطة مباشرة دون الحاجة لتطبيقات إضافية
- دعم ملفات التورنت المتعددة: اختر الملفات المطلوبة، أوقف مؤقتاً، واستأنف التحميل
- محرك P2P سريع مع إمكانية تحديد سرعة التنزيل

نسخ احتياطي تلقائي إلى Google Drive
- ربط حساب Google لمزامنة الملفات المكتملة تلقائياً مع Google Drive
- جداول مزامنة مرنة: فورية، كل 15 دقيقة، كل ساعة، أو يومياً
- مجلد سحابي مخصص للوصول إلى ملفاتك من أي هاتف أو كمبيوتر

استيراد سهل ونقل الملفات عبر Wi-Fi
- استيراد قوائم التنزيل من التطبيقات الأخرى (JSON, backup files)
- متوافق مع Secure Folder في سامسونج وملفات العمل
- نقل الملفات إلى الكمبيوتر عبر شبكة Wi-Fi المحلية دون خوادم وسيطة

AURORA PRO — شراء لمرة واحدة
- 16 تنزيلاً متزامناً و32 جزءاً للملف (المجاني: 3 تنزيلات و8 أجزاء)
- زيادة حد المزامنة مع Google Drive (50 ملفاً/يومياً)
- فلاتر مانع إعلانات غير محدودة وحماية من التتبع وخزنة خاصة

AURORA ULTRA — الحزمة الاحترافية الشاملة
- 64 تنزيلاً متزامناً و64 جزءاً للملف
- حتى 1000 عملية مزامنة يومياً مع Google Drive
- أداة تحويل وسائط مدمجة وواجهة برمجة تطبيقات للأتمتة
كلا الترقيتين شراء لمرة واحدة مدى الحياة بدون أي اشتراكات دورية.

إشعار السياسات
- وفقاً لسياسات Google Play، لا يدعم التطبيق التنزيل من YouTube.
- يعمل مانع الإعلانات حصرياً داخل متصفح Aurora فقط.
- يرجى تنزيل المحتوى المصرح لك قانونياً فقط.

مفتوح المصدر (GPL-3.0). غير تابع لـ Google أو YouTube أو أي جهات خارجية."
Turkish,tr-TR,Aurora: Hızlı Video İndirici,"Hızlı video indirici, torrent ve reklam engelleyicili gizli tarayıcı.","Aurora Download Manager, büyük dosya indirmeleri, torrentler ve medya yakalama için tasarlanmış özel bir web tarayıcısı ve hızlı video indiricidir.

HEPSİ BİR ARADA İNDİRME YÖNETİCİSİ VE HIZLANDIRICI
- Çok parçalı yüksek hızlı dosya indirme (Pro'da 32 parça, Ultra'da 64 parçaya kadar)
- Dosya, video ve torrent transferlerini hızlandıran akıllı indirme motoru
- Güvenilir arka plan indirme: duraklat, devam et ve kopan bağlantıları otomatik kurtar
- Süresi dolan veya geçersiz kalan indirme linklerini otomatik yenileme

AKILLI WEB VİDEO İNDİRİCİ VE MEDYA KAYDEDİCİ
- Web'de gezinirken indirilebilir videoları, sesleri ve medya akışlarını anında tespit eder
- Resim İçinde Resim (PiP), hız kontrolü ve hareketlerle kontrol edilebilen dahili video oynatıcı
- Yayın indirici: m3u8 akışlarını birleştirerek tam MP4 video dosyası olarak kaydeder
- Tek dokunuşla toplu indirme: birden fazla video ve dosyayı aynı anda indirin
- İndirilen videoları, müzikleri ve belgeleri otomatik olarak klasörlere ayırır

REKLAM ENGELLEYİCİLİ GİZLİ TARAYICI
- Reklamları ve açılır pencereleri engelleyen hızlı ve temiz gizli tarayıcı
- Sekme grupları, yer imleri ve oturum kurtarma desteği
- Okuma modu, çevrimdışı sayfa kaydetme ve istenmeyen öğeleri gizleme
- Tam gizlilik: tarama geçmişiniz ve dosyalarınız sadece kendi cihazınızda kalır

DAHİLİ TORRENT İNDİRİCİ VE MAGNET BAĞLANTILARI
- Ek bir uygulamaya gerek kalmadan torrent ve magnet bağlantılarını doğrudan indirin
- Çoklu dosya desteği: istediğiniz dosyaları seçin, duraklatın, devam ettirin ve seed edin
- Hız sınırları belirlenebilen hızlı P2P motoru

GOOGLE DRIVE'A OTOMATİK BULUT YEDEKLEME
- Google hesabınızı bağlayın ve tamamlanan indirmeleri Google Drive'a otomatik yedekleyin
- Esnek senkronizasyon: anında, 15 dakikada bir, saatlik veya günlük
- Dosyalarınıza herhangi bir bilgisayardan veya telefondan kolayca erişin

KOLAY İÇE AKTARMA VE WI-FI İLE DOSYA AKTARIMI
- Diğer indirme yöneticilerinden (JSON, backup files) indirme listelerinizi içe aktarın
- Samsung Güvenli Klasör (Secure Folder) ve iş profilleriyle uyumlu
- Dosyalarınızı yerel Wi-Fi üzerinden sunucu kullanmadan doğrudan bilgisayarınıza aktarın

AURORA PRO — TEK SEFERLİK ÖDEME
- Aynı anda 16 indirme ve dosya başına 32 parça (Ücretsiz: 3 indirme ve 8 parça)
- Daha yüksek Google Drive senkronizasyon limiti (50 dosya/gün)
- Sınırsız reklam engelleme filtresi, takipçi koruması ve özel kasa

AURORA ULTRA — POWER USER PAKETİ
- Aynı anda 64 indirme ve dosya başına 64 parça
- Günde 1.000 adede kadar Google Drive senkronizasyonu
- İsteğe bağlı indirilen dahili medya dönüştürücü paketi
- Yerel otomasyon API'si ve klasör izleyici
Hem Pro hem Ultra tek seferlik satın alımdır. Abonelik gerektirmez.

POLİTİKA VE KULLANIM BİLDİRİMİ
- Google Play Geliştirici Politikaları gereğince YouTube'dan video indirme desteklenmez.
- Reklam engelleme yalnızca Aurora Tarayıcı içinde çalışır (sistem genelinde VPN değildir).
- Lütfen yalnızca yasal olarak indirme hakkına sahip olduğunuz içerikleri indirin.

Açık kaynaklıdır (GPL-3.0). Google, YouTube veya üçüncü taraf platformlarla ilişkili değildir."
Chinese (Simplified),zh-CN,Aurora: 视频与文件极速下载器,极速视频下载器、种子磁力客户端与内置广告拦截的隐私浏览器。断点续传。,"Aurora Download Manager 是一款集成强劲下载引擎的极速视频下载器与隐私浏览器，专为大文件、种子磁力及网页媒体捕获打造。

全能下载管理器与多线程加速器
- 多线程分块高速下载（Pro 版最高 32 分块，Ultra 版最高 64 分块）
- 智能加速引擎，显著提升文件、视频及 Torrent 传输速度
- 稳定后台下载：支持暂停、断点续传，并在网络中断或重启后自动恢复
- 失效链接自动刷新与恢复

智能网页视频嗅探与媒体提取
- 浏览网页时自动智能探测并捕获视频、音频及媒体流文件
- 内置画中画（PiP）、倍速播放与手势调节的专用预览播放器
- 流媒体解析：自动将 m3u8 等切片视频流完整合并为单 MP4 文件
- 一键批量捕获：单次点击即可批量抓取网页中的全部资源
- 智能分类：视频、音乐和文档自动按类别归档至专属文件夹

内置广告拦截的纯净隐私浏览器
- 自动拦截广告与弹窗，带来高速清爽的无干扰浏览体验
- 标签页分组管理，退出重启后自动恢复浏览会话
- 沉浸式阅读模式、离线网页保存与自定义网页元素屏蔽
- 本地隐私保护：浏览记录与下载数据仅保留在您的设备本地

原生 BT 种子与 MAGNET 磁力链下载
- 内置轻量级 Torrent 客户端，无需安装额外应用即可直接下载
- 支持多文件种子选择性下载、暂停、恢复与后台做种
- 高性能原生 P2P 引擎，支持灵活的下载规则与限速设置

自动备份至 GOOGLE DRIVE 云端硬盘
- 绑定 Google 账号，下载完成后自动静默同步至 Google Drive
- 灵活的同步调度计划：即时、每 15 分钟、每小时或每日定时同步
- 专属云端文件夹管理，随时随地在电脑或手机上访问备份文件

便捷数据迁移与局域网 WI-FI 极速互传
- 支持从其他下载器（ADM、1DM、IDM、FDM）无缝导入下载列表与历史
- 完美兼容三星安全文件夹（Samsung Secure Folder）与工作资料模式
- 通过局域网 Wi-Fi 将文件直传至电脑，无需经由任何第三方中转服务器

AURORA PRO — 终身单次买断
- 支持 16 个任务同时下载，单文件最高 32 线程分块（免费版：3 任务与 8 分块）
- Google Drive 每日同步上限提升至 50 个文件
- 无限自定义广告拦截规则、反跟踪保护与私密文件保险箱
- 自动恢复失效链接、剧集自动抓取与批量捕获

AURORA ULTRA — 极客终极套装
- 支持 64 个任务同时下载，单文件最高 64 线程分块
- 每日最高 1,000 次 Google Drive 云端同步
- 按需加载的内置音视频多媒体格式转换套件
- 本地自动化 API 与文件夹变动监控
Pro 与 Ultra 均为一次性买断，无任何循环订阅费用。

政策合规与使用须知
- 严格遵循 Google Play 开发者政策，不支持从 YouTube 下载任何视频或媒体。
- 广告拦截功能仅在 Aurora 浏览器内部生效（非全局系统 VPN）。
- 请仅下载您拥有合法版权或使用授权的合法内容。

核心代码开源（GPL-3.0）。与 Google、YouTube 或任何第三方媒体平台无附属关系。"
